[
  { "id": 1,  "nombre": "Camiseta Blanca Básica",     "precio": 199.99, "categoria": "Ropa",        "img": "assets/img/camiseta.jpg" },
  { "id": 2,  "nombre": "Jeans Slim Azul",            "precio": 499.00, "categoria": "Ropa",        "img": "assets/img/jeans.jpg" },
  { "id": 3,  "nombre": "Tenis Urbanos Blancos",      "precio": 899.50, "categoria": "Calzado",     "img": "assets/img/tenis.jpg" },
  { "id": 4,  "nombre": "Gorra Negra",                "precio": 149.99, "categoria": "Accesorios",  "img": "assets/img/gorra.jpg" },
  { "id": 5,  "nombre": "Mochila Urbana",             "precio": 699.90, "categoria": "Accesorios",  "img": "assets/img/mochila.jpg" },
  { "id": 6,  "nombre": "Blusa Floral Mujer",         "precio": 349.00, "categoria": "Ropa",        "img": "assets/img/blusa.jpg" },
  { "id": 7,  "nombre": "Sandalias de Verano",        "precio": 289.99, "categoria": "Calzado",     "img": "assets/img/sandalias.jpg" },
  { "id": 8,  "nombre": "Reloj Deportivo",            "precio": 999.00, "categoria": "Accesorios",  "img": "assets/img/reloj.jpg" },
  { "id": 9,  "nombre": "Sudadera Oversize",          "precio": 549.99, "categoria": "Ropa",        "img": "assets/img/sudadera.jpg" },
  { "id": 10, "nombre": "Botas Café",                 "precio":1099.00, "categoria": "Calzado",     "img": "assets/img/botas.jpg" },
  { "id": 11, "nombre": "Pantalón Cargo",             "precio": 459.00, "categoria": "Ropa",        "img": "assets/img/pantalon.jpg" },
  { "id": 12, "nombre": "Playera Estampada",          "precio": 229.00, "categoria": "Ropa",        "img": "assets/img/playera.jpg" },
  { "id": 13, "nombre": "Lentes de Sol",              "precio": 299.00, "categoria": "Accesorios",  "img": "assets/img/lentes.jpg" },
  { "id": 14, "nombre": "Camisa de Lino",             "precio": 399.00, "categoria": "Ropa",        "img": "assets/img/camisa.jpg" },
  { "id": 15, "nombre": "Falda de Mezclilla",         "precio": 349.00, "categoria": "Ropa",        "img": "assets/img/falda.jpg" },
  { "id": 16, "nombre": "Zapatillas Elegantes",       "precio":1299.00, "categoria": "Calzado",     "img": "assets/img/zapatillas.jpg" },
  { "id": 17, "nombre": "Cinturón de Piel",           "precio": 179.00, "categoria": "Accesorios",  "img": "assets/img/cinturon.jpg" },
  { "id": 18, "nombre": "Chaqueta de Mezclilla",      "precio": 649.00, "categoria": "Ropa",        "img": "assets/img/chaqueta.jpg" },
  { "id": 19, "nombre": "Aretes Dorados",             "precio": 199.00, "categoria": "Accesorios",  "img": "assets/img/aretes.jpg" },
  { "id": 20, "nombre": "Bufanda Tejida",             "precio": 239.00, "categoria": "Accesorios",  "img": "assets/img/bufanda.jpg" }
]
